P,So,Sw,Sg,day,case
5382.0,0.88,0.12,0.0,0,base14
5382.0,0.88,0.12,0.0,0,base14
5382.0,0.88,0.12,0.0,0,base14
5382.0,0.88,0.12,0.0,0,base14
5382.0,0.88,0.12,0.0,0,base14
5382.0,0.88,0.12,0.0,0,base14
5382.0,0.88,0.12,0.0,0,base14
5382.0,0.88,0.12,0.0,0,base14
5382.0,0.88,0.12,0.0,0,base14
5382.0,0.88,0.12,0.0,0,base14
5382.0,0.88,0.12,0.0,0,base14
5382.0,0.88,0.12,0.0,0,base14
5382.0,0.88,0.12,0.0,0,base14
5382.0,0.88,0.12,0.0,0,base14
5382.0,0.88,0.12,0.0,0,base14
5382.0,0.88,0.12,0.0,0,base14
5382.0,0.88,0.12,0.0,0,base14
5382.0,0.88,0.12,0.0,0,base14
5382.0,0.88,0.12,0.0,0,base14
5382.0,0.88,0.12,0.0,0,base14
5382.0,0.88,0.12,0.0,0,base14
5382.0,0.88,0.12,0.0,0,base14
5382.0,0.88,0.12,0.0,0,base14
5382.0,0.88,0.12,0.0,0,base14
5382.0,0.88,0.12,0.0,0,base14
5382.0,0.88,0.12,0.0,0,base14
5382.0,0.88,0.12,0.0,0,base14
5382.0,0.88,0.12,0.0,0,base14
5382.0,0.88,0.12,0.0,0,base14
5382.0,0.88,0.12,0.0,0,base14
5382.0,0.88,0.12,0.0,0,base14
5382.0,0.88,0.12,0.0,0,base14
5382.0,0.88,0.12,0.0,0,base14
5382.0,0.88,0.12,0.0,0,base14
5382.0,0.88,0.12,0.0,0,base14
5382.0,0.88,0.12,0.0,0,base14
5382.0,0.88,0.12,0.0,0,base14
5382.0,0.88,0.12,0.0,0,base14
5382.0,0.88,0.12,0.0,0,base14
5382.0,0.88,0.12,0.0,0,base14
5382.0,0.88,0.12,0.0,0,base14
5382.0,0.88,0.12,0.0,0,base14
5382.0,0.88,0.12,0.0,0,base14
5382.0,0.88,0.12,0.0,0,base14
5382.0,0.88,0.12,0.0,0,base14
5382.0,0.88,0.12,0.0,0,base14
5382.0,0.88,0.12,0.0,0,base14
5382.0,0.88,0.12,0.0,0,base14
5382.0,0.88,0.12,0.0,0,base14
5382.0,0.88,0.12,0.0,0,base14
5382.0,0.88,0.12,0.0,0,base14
5382.0,0.88,0.12,0.0,0,base14
5382.0,0.88,0.12,0.0,0,base14
5382.0,0.88,0.12,0.0,0,base14
5382.0,0.88,0.12,0.0,0,base14
5382.0,0.88,0.12,0.0,0,base14
5382.0,0.88,0.12,0.0,0,base14
5382.0,0.88,0.12,0.0,0,base14
5382.0,0.88,0.12,0.0,0,base14
5382.0,0.88,0.12,0.0,0,base14
5382.0,0.88,0.12,0.0,0,base14
5382.0,0.88,0.12,0.0,0,base14
5382.0,0.88,0.12,0.0,0,base14
5382.0,0.88,0.12,0.0,0,base14
5382.0,0.88,0.12,0.0,0,base14
5382.0,0.88,0.12,0.0,0,base14
5382.0,0.88,0.12,0.0,0,base14
5382.0,0.88,0.12,0.0,0,base14
5382.0,0.88,0.12,0.0,0,base14
5382.0,0.88,0.12,0.0,0,base14
5382.0,0.88,0.12,0.0,0,base14
5382.0,0.88,0.12,0.0,0,base14
5382.0,0.88,0.12,0.0,0,base14
5382.0,0.88,0.12,0.0,0,base14
5382.0,0.88,0.12,0.0,0,base14
5382.0,0.88,0.12,0.0,0,base14
5382.0,0.88,0.12,0.0,0,base14
5382.0,0.88,0.12,0.0,0,base14
5382.0,0.88,0.12,0.0,0,base14
5382.0,0.88,0.12,0.0,0,base14
5382.0,0.88,0.12,0.0,0,base14
2479.0,0.8751,0.121,0.003895,365,base14
2479.0,0.875,0.121,0.003969,365,base14
2478.0,0.8749,0.121,0.00411,365,base14
2476.0,0.8747,0.121,0.004302,365,base14
2474.0,0.8745,0.121,0.00447,365,base14
2473.0,0.8743,0.121,0.004641,365,base14
2471.0,0.8741,0.121,0.004855,365,base14
2469.0,0.8739,0.121,0.005023,365,base14
2469.0,0.8738,0.121,0.005116,365,base14
2479.0,0.875,0.121,0.003964,365,base14
2478.0,0.8749,0.121,0.004046,365,base14
2477.0,0.8748,0.121,0.004202,365,base14
2475.0,0.8745,0.121,0.004419,365,base14
2473.0,0.8744,0.121,0.00461,365,base14
2471.0,0.8742,0.121,0.004806,365,base14
2469.0,0.8739,0.121,0.005056,365,base14
2467.0,0.8737,0.121,0.005256,365,base14
2466.0,0.8736,0.121,0.005368,365,base14
2478.0,0.8749,0.121,0.004095,365,base14
2477.0,0.8748,0.121,0.004193,365,base14
2475.0,0.8746,0.121,0.004382,365,base14
2473.0,0.8743,0.121,0.004648,365,base14
2471.0,0.8741,0.121,0.004887,365,base14
2468.0,0.8738,0.121,0.005138,365,base14
2466.0,0.8735,0.121,0.005468,365,base14
2463.0,0.8732,0.121,0.005739,365,base14
2462.0,0.8731,0.121,0.005894,365,base14
2476.0,0.8747,0.121,0.004272,365,base14
2475.0,0.8746,0.121,0.004394,365,base14
2473.0,0.8743,0.121,0.004633,365,base14
2470.0,0.874,0.121,0.004976,365,base14
2467.0,0.8737,0.121,0.005299,365,base14
2464.0,0.8733,0.121,0.005637,365,base14
2460.0,0.8729,0.121,0.006104,365,base14
2457.0,0.8724,0.121,0.006506,365,base14
2454.0,0.8722,0.121,0.006747,365,base14
2475.0,0.8745,0.121,0.004425,365,base14
2473.0,0.8744,0.121,0.00457,365,base14
2471.0,0.8741,0.121,0.004857,365,base14
2467.0,0.8737,0.121,0.005283,365,base14
2464.0,0.8733,0.121,0.005693,365,base14
2460.0,0.8728,0.121,0.006132,365,base14
2454.0,0.8722,0.121,0.006768,365,base14
2449.0,0.8716,0.121,0.00735,365,base14
2446.0,0.8712,0.121,0.00772,365,base14
2473.0,0.8744,0.121,0.004579,365,base14
2472.0,0.8742,0.121,0.004749,365,base14
2469.0,0.8739,0.121,0.00509,365,base14
2464.0,0.8734,0.121,0.005604,365,base14
2460.0,0.8728,0.121,0.006114,365,base14
2455.0,0.8723,0.121,0.006669,365,base14
2448.0,0.8714,0.121,0.007514,365,base14
2441.0,0.8706,0.121,0.008331,365,base14
2436.0,0.8701,0.1211,0.008887,365,base14
2472.0,0.8742,0.121,0.004776,365,base14
2470.0,0.874,0.121,0.004981,365,base14
2466.0,0.8736,0.121,0.005402,365,base14
2461.0,0.8729,0.121,0.006053,365,base14
2455.0,0.8722,0.121,0.006732,365,base14
2448.0,0.8715,0.121,0.007496,365,base14
2437.0,0.8702,0.1211,0.008768,365,base14
2425.0,0.8688,0.1211,0.01017,365,base14
2416.0,0.8676,0.1211,0.01131,365,base14
2470.0,0.874,0.121,0.004931,365,base14
2468.0,0.8738,0.121,0.005169,365,base14
2464.0,0.8733,0.121,0.005661,365,base14
2457.0,0.8725,0.121,0.006443,365,base14
2450.0,0.8717,0.121,0.007301,365,base14
2441.0,0.8706,0.121,0.008301,365,base14
2425.0,0.8688,0.1211,0.01016,365,base14
2405.0,0.8663,0.1211,0.01259,365,base14
2384.0,0.8635,0.1211,0.01542,365,base14
2470.0,0.8739,0.121,0.005019,365,base14
2467.0,0.8737,0.121,0.005275,365,base14
2463.0,0.8731,0.121,0.00581,365,base14
2455.0,0.8723,0.121,0.006677,365,base14
2447.0,0.8713,0.121,0.007664,365,base14
2436.0,0.8701,0.1211,0.008851,365,base14
2416.0,0.8677,0.1211,0.01129,365,base14
2384.0,0.8635,0.1211,0.01542,365,base14
2325.0,0.8555,0.1211,0.02342,365,base14
4255.0,0.3084,0.6916,0.0,730,base14
4170.0,0.3754,0.6246,0.0,730,base14
4108.0,0.529,0.4694,0.001565,730,base14
4062.0,0.803,0.194,0.002987,730,base14
4051.0,0.8741,0.1259,0.0,730,base14
4044.0,0.8794,0.1206,0.0,730,base14
4037.0,0.8795,0.1205,0.0,730,base14
4032.0,0.8795,0.1205,0.0,730,base14
4030.0,0.8795,0.1205,0.0,730,base14
4170.0,0.3754,0.6246,0.0,730,base14
4129.0,0.4761,0.523,0.0008261,730,base14
4082.0,0.7229,0.2748,0.002246,730,base14
4057.0,0.8693,0.1307,0.0,730,base14
4048.0,0.879,0.121,0.0,730,base14
4042.0,0.8795,0.1205,0.0,730,base14
4035.0,0.8795,0.1205,0.0,730,base14
4031.0,0.8795,0.1205,0.0,730,base14
4029.0,0.8795,0.1205,0.0,730,base14
4108.0,0.5288,0.4696,0.001558,730,base14
4082.0,0.7228,0.275,0.002241,730,base14
4062.0,0.862,0.1349,0.003104,730,base14
4050.0,0.8791,0.1209,0.0,730,base14
4044.0,0.8795,0.1205,0.0,730,base14
4038.0,0.8795,0.1205,0.0,730,base14
4032.0,0.8795,0.1205,0.0,730,base14
4028.0,0.8795,0.1205,0.0,730,base14
4026.0,0.8795,0.1205,0.0,730,base14
4062.0,0.8027,0.1943,0.002975,730,base14
4057.0,0.8692,0.1308,0.0,730,base14
4050.0,0.8791,0.1209,0.0,730,base14
4043.0,0.8795,0.1205,0.0,730,base14
4038.0,0.8795,0.1205,0.0,730,base14
4033.0,0.8795,0.1205,0.0,730,base14
4028.0,0.8795,0.1205,0.0,730,base14
4024.0,0.8795,0.1205,0.0,730,base14
4022.0,0.8795,0.1205,0.0,730,base14
4051.0,0.874,0.126,0.0,730,base14
4048.0,0.879,0.121,0.0,730,base14
4043.0,0.8795,0.1205,0.0,730,base14
4038.0,0.8795,0.1205,0.0,730,base14
4033.0,0.8795,0.1205,0.0,730,base14
4029.0,0.8795,0.1205,0.0,730,base14
4024.0,0.8795,0.1205,0.0,730,base14
4021.0,0.8795,0.1205,0.0,730,base14
4019.0,0.8795,0.1205,0.0,730,base14
4043.0,0.8794,0.1206,0.0,730,base14
4041.0,0.8795,0.1205,0.0,730,base14
4038.0,0.8795,0.1205,0.0,730,base14
4033.0,0.8795,0.1205,0.0,730,base14
4029.0,0.8795,0.1205,0.0,730,base14
4025.0,0.8795,0.1205,0.0,730,base14
4020.0,0.8795,0.1205,0.0,730,base14
4017.0,0.8795,0.1205,0.0,730,base14
4014.0,0.8795,0.1205,0.0,730,base14
4036.0,0.8795,0.1205,0.0,730,base14
4035.0,0.8795,0.1205,0.0,730,base14
4032.0,0.8795,0.1205,0.0,730,base14
4028.0,0.8795,0.1205,0.0,730,base14
4024.0,0.8795,0.1205,0.0,730,base14
4020.0,0.8795,0.1205,0.0,730,base14
4015.0,0.8795,0.1205,0.0,730,base14
4011.0,0.8795,0.1205,0.0,730,base14
4007.0,0.8795,0.1205,2.562e-05,730,base14
4032.0,0.8795,0.1205,0.0,730,base14
4030.0,0.8795,0.1205,0.0,730,base14
4028.0,0.8795,0.1205,0.0,730,base14
4024.0,0.8795,0.1205,0.0,730,base14
4020.0,0.8795,0.1205,0.0,730,base14
4016.0,0.8795,0.1205,0.0,730,base14
4011.0,0.8795,0.1205,0.0,730,base14
4004.0,0.8791,0.1205,0.0004262,730,base14
3998.0,0.8782,0.1205,0.001292,730,base14
4030.0,0.8795,0.1205,0.0,730,base14
4028.0,0.8795,0.1205,0.0,730,base14
4026.0,0.8795,0.1205,0.0,730,base14
4022.0,0.8795,0.1205,0.0,730,base14
4018.0,0.8795,0.1205,0.0,730,base14
4014.0,0.8795,0.1205,0.0,730,base14
4007.0,0.8795,0.1205,3.742e-05,730,base14
3998.0,0.8782,0.1205,0.001297,730,base14
3983.0,0.8762,0.1205,0.003288,730,base14
5087.0,0.2984,0.7016,0.0,1095,base14
5004.0,0.3193,0.6807,0.0,1095,base14
4951.0,0.3858,0.6126,0.001565,1095,base14
4906.0,0.5069,0.4901,0.002987,1095,base14
4879.0,0.6691,0.3309,0.0,1095,base14
4862.0,0.8614,0.1386,0.0,1095,base14
4854.0,0.8793,0.1207,0.0,1095,base14
4849.0,0.8798,0.1202,0.0,1095,base14
4846.0,0.8798,0.1202,0.0,1095,base14
5004.0,0.3193,0.6807,0.0,1095,base14
4970.0,0.3668,0.6323,0.0008261,1095,base14
4930.0,0.4419,0.5558,0.002246,1095,base14
4891.0,0.6274,0.3726,0.0,1095,base14
4870.0,0.8113,0.1887,0.0,1095,base14
4859.0,0.8765,0.1235,0.0,1095,base14
4852.0,0.8797,0.1203,0.0,1095,base14
4847.0,0.8798,0.1202,0.0,1095,base14
4844.0,0.8798,0.1202,0.0,1095,base14
4951.0,0.3858,0.6127,0.001558,1095,base14
4930.0,0.4418,0.5559,0.002241,1095,base14
4901.0,0.5789,0.418,0.003104,1095,base14
4871.0,0.8123,0.1877,0.0,1095,base14
4861.0,0.8723,0.1277,0.0,1095,base14
4854.0,0.8796,0.1204,0.0,1095,base14
4847.0,0.8798,0.1202,0.0,1095,base14
4842.0,0.8798,0.1202,0.0,1095,base14
4840.0,0.8798,0.1202,0.0,1095,base14
4906.0,0.5066,0.4904,0.002975,1095,base14
4891.0,0.627,0.373,0.0,1095,base14
4871.0,0.8122,0.1878,0.0,1095,base14
4860.0,0.8748,0.1252,0.0,1095,base14
4854.0,0.8794,0.1206,0.0,1095,base14
4848.0,0.8798,0.1202,0.0,1095,base14
4841.0,0.8798,0.1202,0.0,1095,base14
4836.0,0.8798,0.1202,0.0,1095,base14
4834.0,0.8798,0.1202,0.0,1095,base14
4879.0,0.6682,0.3318,0.0,1095,base14
4869.0,0.8109,0.1891,0.0,1095,base14
4861.0,0.8723,0.1277,0.0,1095,base14
4854.0,0.8794,0.1206,0.0,1095,base14
4848.0,0.8798,0.1202,0.0,1095,base14
4843.0,0.8798,0.1202,0.0,1095,base14
4836.0,0.8798,0.1202,0.0,1095,base14
4831.0,0.8798,0.1202,0.0,1095,base14
4828.0,0.8798,0.1202,0.0,1095,base14
4862.0,0.8624,0.1376,0.0,1095,base14
4859.0,0.8767,0.1233,0.0,1095,base14
4854.0,0.8796,0.1204,0.0,1095,base14
4848.0,0.8798,0.1202,0.0,1095,base14
4842.0,0.8798,0.1202,0.0,1095,base14
4837.0,0.8798,0.1202,0.0,1095,base14
4830.0,0.8798,0.1202,0.0,1095,base14
4824.0,0.8798,0.1202,0.0,1095,base14
4820.0,0.8798,0.1202,0.0,1095,base14
4853.0,0.8794,0.1206,0.0,1095,base14
4851.0,0.8797,0.1203,0.0,1095,base14
4847.0,0.8798,0.1202,0.0,1095,base14
4841.0,0.8798,0.1202,0.0,1095,base14
4836.0,0.8798,0.1202,0.0,1095,base14
4830.0,0.8798,0.1202,0.0,1095,base14
4822.0,0.8798,0.1202,0.0,1095,base14
4814.0,0.8798,0.1202,0.0,1095,base14
4808.0,0.8798,0.1202,2.562e-05,1095,base14
4848.0,0.8798,0.1202,0.0,1095,base14
4846.0,0.8798,0.1202,0.0,1095,base14
4842.0,0.8798,0.1202,0.0,1095,base14
4836.0,0.8798,0.1202,0.0,1095,base14
4830.0,0.8798,0.1202,0.0,1095,base14
4824.0,0.8798,0.1202,0.0,1095,base14
4813.0,0.8798,0.1202,0.0,1095,base14
4801.0,0.8794,0.1202,0.0004262,1095,base14
4789.0,0.8785,0.1202,0.001292,1095,base14
4846.0,0.8798,0.1202,0.0,1095,base14
4844.0,0.8798,0.1202,0.0,1095,base14
4840.0,0.8798,0.1202,0.0,1095,base14
4834.0,0.8798,0.1202,0.0,1095,base14
4827.0,0.8798,0.1202,0.0,1095,base14
4820.0,0.8798,0.1202,0.0,1095,base14
4808.0,0.8798,0.1202,3.742e-05,1095,base14
4789.0,0.8785,0.1202,0.001297,1095,base14
4759.0,0.8765,0.1202,0.003288,1095,base14
5934.0,0.2935,0.7065,0.0,1460,base14
5855.0,0.3033,0.6967,0.0,1460,base14
5804.0,0.3429,0.6556,0.001565,1460,base14
5765.0,0.4087,0.5883,0.002987,1460,base14
5738.0,0.4568,0.5432,0.0,1460,base14
5715.0,0.6865,0.3135,0.0,1460,base14
5698.0,0.8626,0.1374,0.0,1460,base14
5692.0,0.8796,0.1204,0.0,1460,base14
5689.0,0.8801,0.1199,0.0,1460,base14
5855.0,0.3033,0.6967,0.0,1460,base14
5822.0,0.3292,0.67,0.0008261,1460,base14
5787.0,0.3787,0.6191,0.002246,1460,base14
5752.0,0.4529,0.5471,0.0,1460,base14
5729.0,0.5302,0.4698,0.0,1460,base14
5707.0,0.7898,0.2102,0.0,1460,base14
5695.0,0.8752,0.1248,0.0,1460,base14
5690.0,0.88,0.12,0.0,1460,base14
5687.0,0.8801,0.1199,0.0,1460,base14
5804.0,0.3428,0.6556,0.001558,1460,base14
5787.0,0.3786,0.6191,0.002241,1460,base14
5761.0,0.4312,0.5657,0.003104,1460,base14
5732.0,0.5559,0.4441,0.0,1460,base14
5712.0,0.7101,0.2899,0.0,1460,base14
5699.0,0.8646,0.1354,0.0,1460,base14
5691.0,0.8796,0.1204,0.0,1460,base14
5686.0,0.8801,0.1199,0.0,1460,base14
5683.0,0.8801,0.1199,0.0,1460,base14
5764.0,0.4085,0.5886,0.002975,1460,base14
5752.0,0.4526,0.5474,0.0,1460,base14
5732.0,0.5557,0.4443,0.0,1460,base14
5708.0,0.764,0.236,0.0,1460,base14
5698.0,0.8574,0.1426,0.0,1460,base14
5691.0,0.8789,0.1211,0.0,1460,base14
5684.0,0.8801,0.1199,0.0,1460,base14
5679.0,0.8801,0.1199,0.0,1460,base14
5676.0,0.8801,0.1199,0.0,1460,base14
5738.0,0.4562,0.5438,0.0,1460,base14
5729.0,0.5296,0.4704,0.0,1460,base14
5712.0,0.7096,0.2904,0.0,1460,base14
5698.0,0.8574,0.1426,0.0,1460,base14
5691.0,0.8773,0.1227,0.0,1460,base14
5685.0,0.88,0.12,0.0,1460,base14
5678.0,0.8801,0.1199,0.0,1460,base14
5673.0,0.8801,0.1199,0.0,1460,base14
5670.0,0.8801,0.1199,0.0,1460,base14
5714.0,0.6956,0.3044,0.0,1460,base14
5707.0,0.7951,0.2049,0.0,1460,base14
5698.0,0.8657,0.1343,0.0,1460,base14
5691.0,0.879,0.121,0.0,1460,base14
5685.0,0.88,0.12,0.0,1460,base14
5680.0,0.8801,0.1199,0.0,1460,base14
5672.0,0.8801,0.1199,0.0,1460,base14
5666.0,0.8801,0.1199,0.0,1460,base14
5662.0,0.8801,0.1199,0.0,1460,base14
5697.0,0.8647,0.1353,0.0,1460,base14
5695.0,0.8759,0.1241,0.0,1460,base14
5690.0,0.8796,0.1204,0.0,1460,base14
5684.0,0.8801,0.1199,0.0,1460,base14
5678.0,0.8801,0.1199,0.0,1460,base14
5672.0,0.8801,0.1199,0.0,1460,base14
5663.0,0.8801,0.1199,0.0,1460,base14
5655.0,0.8801,0.1199,0.0,1460,base14
5649.0,0.8801,0.1199,2.562e-05,1460,base14
5692.0,0.8797,0.1203,0.0,1460,base14
5690.0,0.88,0.12,0.0,1460,base14
5685.0,0.8801,0.1199,0.0,1460,base14
5679.0,0.8801,0.1199,0.0,1460,base14
5673.0,0.8801,0.1199,0.0,1460,base14
5666.0,0.8801,0.1199,0.0,1460,base14
5655.0,0.8801,0.1199,0.0,1460,base14
5642.0,0.8797,0.1199,0.0004262,1460,base14
5629.0,0.8788,0.1199,0.001292,1460,base14
5689.0,0.8801,0.1199,0.0,1460,base14
5687.0,0.8801,0.1199,0.0,1460,base14
5683.0,0.8801,0.1199,0.0,1460,base14
5676.0,0.8801,0.1199,0.0,1460,base14
5670.0,0.8801,0.1199,0.0,1460,base14
5662.0,0.8801,0.1199,0.0,1460,base14
5649.0,0.8801,0.1199,3.742e-05,1460,base14
5629.0,0.8788,0.1199,0.001297,1460,base14
5598.0,0.8768,0.1199,0.003288,1460,base14
5999.0,0.2931,0.7069,0.0,1825,base14
5920.0,0.3009,0.6991,0.0,1825,base14
5870.0,0.3253,0.6732,0.001565,1825,base14
5832.0,0.3744,0.6226,0.002987,1825,base14
5807.0,0.3977,0.6023,0.0,1825,base14
5784.0,0.5168,0.4832,0.0,1825,base14
5758.0,0.7565,0.2435,0.0,1825,base14
5748.0,0.8722,0.1278,0.0,1825,base14
5745.0,0.88,0.12,0.0,1825,base14
5920.0,0.3009,0.6991,0.0,1825,base14
5887.0,0.315,0.6841,0.0008261,1825,base14
5853.0,0.3513,0.6465,0.002246,1825,base14
5820.0,0.3977,0.6023,0.0,1825,base14
5797.0,0.4277,0.5723,0.0,1825,base14
5776.0,0.5822,0.4178,0.0,1825,base14
5753.0,0.8182,0.1818,0.0,1825,base14
5745.0,0.8773,0.1227,0.0,1825,base14
5742.0,0.8801,0.1199,0.0,1825,base14
5869.0,0.3252,0.6732,0.001558,1825,base14
5853.0,0.3512,0.6465,0.002241,1825,base14
5828.0,0.3894,0.6075,0.003104,1825,base14
5801.0,0.4433,0.5567,0.0,1825,base14
5781.0,0.4926,0.5074,0.0,1825,base14
5760.0,0.7126,0.2874,0.0,1825,base14
5745.0,0.8642,0.1358,0.0,1825,base14
5739.0,0.8796,0.1204,0.0,1825,base14
5736.0,0.8801,0.1199,0.0,1825,base14
5831.0,0.3742,0.6228,0.002975,1825,base14
5820.0,0.3976,0.6024,0.0,1825,base14
5801.0,0.4433,0.5567,0.0,1825,base14
5778.0,0.5414,0.4586,0.0,1825,base14
5760.0,0.6505,0.3495,0.0,1825,base14
5745.0,0.8436,0.1564,0.0,1825,base14
5736.0,0.8781,0.1219,0.0,1825,base14
5730.0,0.8801,0.1199,0.0,1825,base14
5727.0,0.8801,0.1199,0.0,1825,base14
5807.0,0.3975,0.6025,0.0,1825,base14
5797.0,0.4273,0.5727,0.0,1825,base14
5780.0,0.4925,0.5075,0.0,1825,base14
5760.0,0.6507,0.3493,0.0,1825,base14
5746.0,0.798,0.202,0.0,1825,base14
5737.0,0.873,0.127,0.0,1825,base14
5728.0,0.8798,0.1202,0.0,1825,base14
5722.0,0.8801,0.1199,0.0,1825,base14
5718.0,0.8801,0.1199,0.0,1825,base14
5784.0,0.5264,0.4736,0.0,1825,base14
5776.0,0.594,0.406,0.0,1825,base14
5760.0,0.724,0.276,0.0,1825,base14
5745.0,0.8469,0.1531,0.0,1825,base14
5737.0,0.8737,0.1263,0.0,1825,base14
5730.0,0.8797,0.1203,0.0,1825,base14
5720.0,0.8801,0.1199,0.0,1825,base14
5712.0,0.8801,0.1199,0.0,1825,base14
5707.0,0.8801,0.1199,0.0,1825,base14
5758.0,0.7709,0.2291,0.0,1825,base14
5752.0,0.8268,0.1732,0.0,1825,base14
5745.0,0.8666,0.1334,0.0,1825,base14
5736.0,0.8784,0.1216,0.0,1825,base14
5728.0,0.8798,0.1202,0.0,1825,base14
5720.0,0.8801,0.1199,0.0,1825,base14
5709.0,0.8801,0.1199,0.0,1825,base14
5697.0,0.8801,0.1199,0.0,1825,base14
5688.0,0.8801,0.1199,2.562e-05,1825,base14
5748.0,0.8738,0.1262,0.0,1825,base14
5745.0,0.8779,0.1221,0.0,1825,base14
5739.0,0.8797,0.1203,0.0,1825,base14
5730.0,0.8801,0.1199,0.0,1825,base14
5722.0,0.8801,0.1199,0.0,1825,base14
5712.0,0.8801,0.1199,0.0,1825,base14
5697.0,0.8801,0.1199,0.0,1825,base14
5678.0,0.8797,0.1199,0.0004262,1825,base14
5660.0,0.8788,0.1199,0.001292,1825,base14
5745.0,0.88,0.12,0.0,1825,base14
5742.0,0.8801,0.1199,0.0,1825,base14
5736.0,0.8801,0.1199,0.0,1825,base14
5727.0,0.8801,0.1199,0.0,1825,base14
5718.0,0.8801,0.1199,0.0,1825,base14
5707.0,0.8801,0.1199,0.0,1825,base14
5688.0,0.8801,0.1199,3.742e-05,1825,base14
5660.0,0.8788,0.1199,0.001297,1825,base14
5613.0,0.8768,0.1199,0.003288,1825,base14
6056.0,0.2928,0.7072,0.0,2190,base14
5978.0,0.3001,0.6999,0.0,2190,base14
5927.0,0.3162,0.6823,0.001565,2190,base14
5890.0,0.3532,0.6438,0.002987,2190,base14
5867.0,0.37,0.63,0.0,2190,base14
5846.0,0.4427,0.5573,0.0,2190,base14
5822.0,0.6032,0.3968,0.0,2190,base14
5804.0,0.8304,0.1696,0.0,2190,base14
5800.0,0.8786,0.1214,0.0,2190,base14
5978.0,0.3001,0.6999,0.0,2190,base14
5944.0,0.3085,0.6907,0.0008261,2190,base14
5911.0,0.3344,0.6633,0.002246,2190,base14
5879.0,0.3695,0.6305,0.0,2190,base14
5858.0,0.393,0.607,0.0,2190,base14
5838.0,0.4746,0.5254,0.0,2190,base14
5814.0,0.6688,0.3312,0.0,2190,base14
5800.0,0.8555,0.1445,0.0,2190,base14
5796.0,0.8795,0.1205,0.0,2190,base14
5927.0,0.3161,0.6823,0.001558,2190,base14
5910.0,0.3344,0.6634,0.002241,2190,base14
5887.0,0.3658,0.6311,0.003104,2190,base14
5862.0,0.4008,0.5992,0.0,2190,base14
5843.0,0.4232,0.5768,0.0,2190,base14
5824.0,0.5372,0.4628,0.0,2190,base14
5802.0,0.7697,0.2303,0.0,2190,base14
5793.0,0.8727,0.1273,0.0,2190,base14
5790.0,0.88,0.12,0.0,2190,base14
5890.0,0.353,0.644,0.002975,2190,base14
5879.0,0.3693,0.6307,0.0,2190,base14
5862.0,0.4007,0.5993,0.0,2190,base14
5840.0,0.4502,0.5498,0.0,2190,base14
5823.0,0.4882,0.5118,0.0,2190,base14
5806.0,0.6676,0.3324,0.0,2190,base14
5789.0,0.8501,0.1499,0.0,2190,base14
5783.0,0.8788,0.1212,0.0,2190,base14
5780.0,0.8801,0.1199,0.0,2190,base14
5867.0,0.3697,0.6303,0.0,2190,base14
5858.0,0.3928,0.6072,0.0,2190,base14
5843.0,0.4229,0.5771,0.0,2190,base14
5823.0,0.4881,0.5119,0.0,2190,base14
5807.0,0.5477,0.4523,0.0,2190,base14
5792.0,0.7788,0.2212,0.0,2190,base14
5781.0,0.8713,0.1287,0.0,2190,base14
5774.0,0.8798,0.1202,0.0,2190,base14
5771.0,0.8801,0.1199,0.0,2190,base14
5846.0,0.4494,0.5506,0.0,2190,base14
5838.0,0.4829,0.5171,0.0,2190,base14
5824.0,0.5491,0.4509,0.0,2190,base14
5805.0,0.6825,0.3175,0.0,2190,base14
5791.0,0.7886,0.2114,0.0,2190,base14
5782.0,0.8683,0.1317,0.0,2190,base14
5772.0,0.8793,0.1207,0.0,2190,base14
5765.0,0.8801,0.1199,0.0,2190,base14
5760.0,0.8801,0.1199,0.0,2190,base14
5821.0,0.623,0.377,0.0,2190,base14
5813.0,0.6901,0.3099,0.0,2190,base14
5801.0,0.7859,0.2141,0.0,2190,base14
5789.0,0.8555,0.1445,0.0,2190,base14
5781.0,0.873,0.127,0.0,2190,base14
5773.0,0.8794,0.1206,0.0,2190,base14
5761.0,0.8801,0.1199,0.0,2190,base14
5749.0,0.8801,0.1199,0.0,2190,base14
5740.0,0.8801,0.1199,2.562e-05,2190,base14
5804.0,0.8405,0.1595,0.0,2190,base14
5800.0,0.8609,0.1391,0.0,2190,base14
5793.0,0.8744,0.1256,0.0,2190,base14
5783.0,0.8791,0.1209,0.0,2190,base14
5774.0,0.8799,0.1201,0.0,2190,base14
5765.0,0.8801,0.1199,0.0,2190,base14
5749.0,0.8801,0.1199,0.0,2190,base14
5731.0,0.8797,0.1199,0.0004262,2190,base14
5712.0,0.8788,0.1199,0.001292,2190,base14
5800.0,0.8791,0.1209,0.0,2190,base14
5796.0,0.8797,0.1203,0.0,2190,base14
5790.0,0.8801,0.1199,0.0,2190,base14
5780.0,0.8801,0.1199,0.0,2190,base14
5771.0,0.8801,0.1199,0.0,2190,base14
5760.0,0.8801,0.1199,0.0,2190,base14
5740.0,0.8801,0.1199,3.742e-05,2190,base14
5712.0,0.8788,0.1199,0.001297,2190,base14
5665.0,0.8768,0.1199,0.003288,2190,base14
6115.0,0.2925,0.7075,0.0,2555,base14
6037.0,0.2998,0.7002,0.0,2555,base14
5986.0,0.3114,0.6871,0.001565,2555,base14
5950.0,0.3391,0.6579,0.002987,2555,base14
5928.0,0.35,0.65,0.0,2555,base14
5908.0,0.4061,0.5939,0.0,2555,base14
5885.0,0.5067,0.4933,0.0,2555,base14
5866.0,0.7299,0.2701,0.0,2555,base14
5858.0,0.8704,0.1296,0.0,2555,base14
6037.0,0.2998,0.7002,0.0,2555,base14
6004.0,0.3055,0.6937,0.0008261,2555,base14
5970.0,0.324,0.6737,0.002246,2555,base14
5940.0,0.3494,0.6506,0.0,2555,base14
5920.0,0.3709,0.6291,0.0,2555,base14
5901.0,0.4254,0.5746,0.0,2555,base14
5879.0,0.5431,0.4569,0.0,2555,base14
5860.0,0.7787,0.2213,0.0,2555,base14
5854.0,0.8753,0.1247,0.0,2555,base14
5986.0,0.3113,0.6871,0.001558,2555,base14
5970.0,0.324,0.6738,0.002241,2555,base14
5947.0,0.349,0.6479,0.003104,2555,base14
5923.0,0.3772,0.6228,0.0,2555,base14
5905.0,0.3955,0.6045,0.0,2555,base14
5888.0,0.4585,0.5415,0.0,2555,base14
5866.0,0.6117,0.3883,0.0,2555,base14
5850.0,0.8324,0.1676,0.0,2555,base14
5846.0,0.8787,0.1213,0.0,2555,base14
5950.0,0.339,0.658,0.002975,2555,base14
5939.0,0.3492,0.6508,0.0,2555,base14
5923.0,0.377,0.623,0.0,2555,base14
5903.0,0.41,0.59,0.0,2555,base14
5887.0,0.429,0.571,0.0,2555,base14
5870.0,0.5207,0.4793,0.0,2555,base14
5849.0,0.7285,0.2715,0.0,2555,base14
5839.0,0.8663,0.1337,0.0,2555,base14
5836.0,0.8798,0.1202,0.0,2555,base14
5927.0,0.3498,0.6502,0.0,2555,base14
5920.0,0.3706,0.6294,0.0,2555,base14
5905.0,0.3953,0.6047,0.0,2555,base14
5886.0,0.4288,0.5712,0.0,2555,base14
5871.0,0.4532,0.5468,0.0,2555,base14
5855.0,0.5729,0.4271,0.0,2555,base14
5836.0,0.8018,0.1982,0.0,2555,base14
5829.0,0.8748,0.1252,0.0,2555,base14
5825.0,0.8801,0.1199,0.0,2555,base14
5908.0,0.4106,0.5894,0.0,2555,base14
5901.0,0.4311,0.5689,0.0,2555,base14
5887.0,0.4662,0.5338,0.0,2555,base14
5870.0,0.5323,0.4677,0.0,2555,base14
5855.0,0.5889,0.4111,0.0,2555,base14
5838.0,0.7743,0.2257,0.0,2555,base14
5826.0,0.867,0.133,0.0,2555,base14
5819.0,0.8793,0.1207,0.0,2555,base14
5814.0,0.8801,0.1199,0.0,2555,base14
5884.0,0.5217,0.4783,0.0,2555,base14
5878.0,0.5615,0.4385,0.0,2555,base14
5865.0,0.6357,0.3643,0.0,2555,base14
5848.0,0.7515,0.2485,0.0,2555,base14
5836.0,0.8162,0.1838,0.0,2555,base14
5826.0,0.8683,0.1317,0.0,2555,base14
5814.0,0.8787,0.1213,0.0,2555,base14
5803.0,0.8801,0.1199,0.0,2555,base14
5794.0,0.8801,0.1198,2.562e-05,2555,base14
5865.0,0.7534,0.2466,0.0,2555,base14
5859.0,0.798,0.202,0.0,2555,base14
5850.0,0.8437,0.1563,0.0,2555,base14
5839.0,0.8699,0.1301,0.0,2555,base14
5829.0,0.8763,0.1237,0.0,2555,base14
5819.0,0.8795,0.1205,0.0,2555,base14
5803.0,0.8801,0.1199,0.0,2555,base14
5784.0,0.8797,0.1198,0.0004262,2555,base14
5766.0,0.8789,0.1199,0.001292,2555,base14
5858.0,0.8731,0.1269,0.0,2555,base14
5854.0,0.8768,0.1232,0.0,2555,base14
5846.0,0.8791,0.1209,0.0,2555,base14
5836.0,0.8799,0.1201,0.0,2555,base14
5825.0,0.8801,0.1199,0.0,2555,base14
5814.0,0.8801,0.1199,0.0,2555,base14
5794.0,0.8801,0.1198,3.742e-05,2555,base14
5766.0,0.8789,0.1199,0.001297,2555,base14
5718.0,0.8769,0.1199,0.003288,2555,base14
6176.0,0.2921,0.7079,0.0,2920,base14
6098.0,0.2994,0.7006,0.0,2920,base14
6048.0,0.3089,0.6896,0.001565,2920,base14
6012.0,0.3297,0.6673,0.002987,2920,base14
5990.0,0.3353,0.6647,0.0,2920,base14
5972.0,0.3842,0.6158,0.0,2920,base14
5950.0,0.4536,0.5464,0.0,2920,base14
5932.0,0.619,0.381,0.0,2920,base14
5921.0,0.8424,0.1576,0.0,2920,base14
6098.0,0.2994,0.7006,0.0,2920,base14
6065.0,0.3042,0.695,0.0008261,2920,base14
6031.0,0.3176,0.6801,0.002246,2920,base14
6002.0,0.3348,0.6652,0.0,2920,base14
5983.0,0.3534,0.6466,0.0,2920,base14
5965.0,0.3991,0.6009,0.0,2920,base14
5944.0,0.4752,0.5248,0.0,2920,base14
5926.0,0.6619,0.3381,0.0,2920,base14
5916.0,0.8573,0.1427,0.0,2920,base14
6048.0,0.3088,0.6896,0.001558,2920,base14
6031.0,0.3176,0.6802,0.002241,2920,base14
6009.0,0.3371,0.6598,0.003104,2920,base14
5986.0,0.3588,0.6412,0.0,2920,base14
5969.0,0.3766,0.6234,0.0,2920,base14
5952.0,0.4196,0.5804,0.0,2920,base14
5932.0,0.5115,0.4885,0.0,2920,base14
5913.0,0.7288,0.2712,0.0,2920,base14
5907.0,0.8703,0.1297,0.0,2920,base14
6012.0,0.3296,0.6674,0.002975,2920,base14
6002.0,0.3346,0.6654,0.0,2920,base14
5986.0,0.3587,0.6413,0.0,2920,base14
5967.0,0.3888,0.6112,0.0,2920,base14
5951.0,0.4018,0.5982,0.0,2920,base14
5935.0,0.4541,0.5459,0.0,2920,base14
5915.0,0.577,0.423,0.0,2920,base14
5898.0,0.8051,0.1949,0.0,2920,base14
5894.0,0.8772,0.1228,0.0,2920,base14
5990.0,0.3351,0.6649,0.0,2920,base14
5983.0,0.3532,0.6468,0.0,2920,base14
5969.0,0.3764,0.6236,0.0,2920,base14
5951.0,0.4017,0.5983,0.0,2920,base14
5936.0,0.4138,0.5862,0.0,2920,base14
5920.0,0.4758,0.5242,0.0,2920,base14
5900.0,0.6289,0.3711,0.0,2920,base14
5886.0,0.84,0.16,0.0,2920,base14
5882.0,0.8788,0.1212,0.0,2920,base14
5972.0,0.3878,0.6122,0.0,2920,base14
5965.0,0.4028,0.5972,0.0,2920,base14
5952.0,0.4248,0.5752,0.0,2920,base14
5935.0,0.4617,0.5383,0.0,2920,base14
5920.0,0.4853,0.5147,0.0,2920,base14
5905.0,0.594,0.406,0.0,2920,base14
5883.0,0.7893,0.2107,0.0,2920,base14
5874.0,0.8714,0.1286,0.0,2920,base14
5870.0,0.8799,0.1201,0.0,2920,base14
5949.0,0.4644,0.5356,0.0,2920,base14
5943.0,0.4881,0.5119,0.0,2920,base14
5931.0,0.5284,0.4716,0.0,2920,base14
5914.0,0.601,0.399,0.0,2920,base14
5899.0,0.6597,0.3403,0.0,2920,base14
5883.0,0.7978,0.2022,0.0,2920,base14
5868.0,0.8648,0.1352,0.0,2920,base14
5857.0,0.8785,0.1215,0.0,2920,base14
5849.0,0.8801,0.1199,2.562e-05,2920,base14
5931.0,0.6454,0.3546,0.0,2920,base14
5924.0,0.6905,0.3095,0.0,2920,base14
5912.0,0.7566,0.2434,0.0,2920,base14
5897.0,0.8233,0.1767,0.0,2920,base14
5886.0,0.8514,0.1486,0.0,2920,base14
5874.0,0.873,0.127,0.0,2920,base14
5858.0,0.8787,0.1213,0.0,2920,base14
5839.0,0.8795,0.12,0.0004262,2920,base14
5821.0,0.8789,0.1198,0.001292,2920,base14
5920.0,0.8524,0.1476,0.0,2920,base14
5915.0,0.8639,0.1361,0.0,2920,base14
5906.0,0.8734,0.1266,0.0,2920,base14
5894.0,0.8782,0.1218,0.0,2920,base14
5882.0,0.8793,0.1207,0.0,2920,base14
5870.0,0.88,0.12,0.0,2920,base14
5849.0,0.8801,0.1199,3.742e-05,2920,base14
5821.0,0.8789,0.1198,0.001297,2920,base14
5773.0,0.8769,0.1198,0.003288,2920,base14
6240.0,0.2917,0.7083,0.0,3285,base14
6162.0,0.299,0.701,0.0,3285,base14
6112.0,0.3076,0.6909,0.001565,3285,base14
6076.0,0.3235,0.6736,0.002987,3285,base14
6056.0,0.3246,0.6754,0.0,3285,base14
6038.0,0.3672,0.6328,0.0,3285,base14
6018.0,0.4223,0.5777,0.0,3285,base14
6001.0,0.5408,0.4592,0.0,3285,base14
5989.0,0.7862,0.2138,0.0,3285,base14
6162.0,0.299,0.701,0.0,3285,base14
6129.0,0.3036,0.6956,0.0008261,3285,base14
6096.0,0.3138,0.684,0.002246,3285,base14
6066.0,0.3241,0.6759,0.0,3285,base14
6048.0,0.3397,0.6603,0.0,3285,base14
6031.0,0.3813,0.6187,0.0,3285,base14
6011.0,0.4364,0.5636,0.0,3285,base14
5995.0,0.5669,0.4331,0.0,3285,base14
5983.0,0.8101,0.1899,0.0,3285,base14
6112.0,0.3075,0.6909,0.001558,3285,base14
6096.0,0.3138,0.684,0.002241,3285,base14
6074.0,0.3286,0.6683,0.003104,3285,base14
6051.0,0.3443,0.6557,0.0,3285,base14
6035.0,0.3607,0.6393,0.0,3285,base14
6019.0,0.3982,0.6018,0.0,3285,base14
5999.0,0.4583,0.5417,0.0,3285,base14
5982.0,0.61,0.39,0.0,3285,base14
5971.0,0.8385,0.1615,0.0,3285,base14
6076.0,0.3233,0.6737,0.002975,3285,base14
6066.0,0.324,0.676,0.0,3285,base14
6051.0,0.3442,0.6558,0.0,3285,base14
6032.0,0.3718,0.6282,0.0,3285,base14
6017.0,0.3854,0.6146,0.0,3285,base14
6002.0,0.4192,0.5808,0.0,3285,base14
5983.0,0.493,0.507,0.0,3285,base14
5964.0,0.6793,0.3207,0.0,3285,base14
5956.0,0.862,0.138,0.0,3285,base14
6055.0,0.3244,0.6756,0.0,3285,base14
6048.0,0.3395,0.6605,0.0,3285,base14
6035.0,0.3605,0.6395,0.0,3285,base14
6017.0,0.3853,0.6147,0.0,3285,base14
6003.0,0.3961,0.6039,0.0,3285,base14
5987.0,0.4312,0.5688,0.0,3285,base14
5967.0,0.5123,0.4877,0.0,3285,base14
5948.0,0.7251,0.2749,0.0,3285,base14
5942.0,0.8704,0.1296,0.0,3285,base14
6038.0,0.3704,0.6296,0.0,3285,base14
6031.0,0.3845,0.6155,0.0,3285,base14
6019.0,0.4015,0.5985,0.0,3285,base14
6002.0,0.4244,0.5756,0.0,3285,base14
5987.0,0.4375,0.5625,0.0,3285,base14
5972.0,0.4937,0.5063,0.0,3285,base14
5950.0,0.6204,0.3796,0.0,3285,base14
5932.0,0.8217,0.1783,0.0,3285,base14
5928.0,0.8774,0.1226,0.0,3285,base14
6017.0,0.4302,0.5698,0.0,3285,base14
6010.0,0.4456,0.5544,0.0,3285,base14
5998.0,0.4701,0.5299,0.0,3285,base14
5982.0,0.5086,0.4914,0.0,3285,base14
5966.0,0.532,0.468,0.0,3285,base14
5950.0,0.6344,0.3656,0.0,3285,base14
5927.0,0.7892,0.2108,0.0,3285,base14
5913.0,0.8656,0.1344,0.0,3285,base14
5905.0,0.8792,0.1207,2.562e-05,3285,base14
6000.0,0.5617,0.4383,0.0,3285,base14
5993.0,0.5913,0.4087,0.0,3285,base14
5980.0,0.6403,0.3597,0.0,3285,base14
5963.0,0.7136,0.2864,0.0,3285,base14
5948.0,0.7589,0.2411,0.0,3285,base14
5932.0,0.8321,0.1679,0.0,3285,base14
5913.0,0.8671,0.1329,0.0,3285,base14
5894.0,0.877,0.1226,0.0004262,3285,base14
5876.0,0.8786,0.1201,0.001292,3285,base14
5988.0,0.806,0.194,0.0,3285,base14
5981.0,0.8274,0.1726,0.0,3285,base14
5970.0,0.851,0.149,0.0,3285,base14
5956.0,0.8682,0.1318,0.0,3285,base14
5942.0,0.8738,0.1262,0.0,3285,base14
5928.0,0.8781,0.1219,0.0,3285,base14
5906.0,0.8794,0.1206,3.742e-05,3285,base14
5876.0,0.8786,0.1201,0.001297,3285,base14
5829.0,0.8769,0.1198,0.003288,3285,base14
